condition,question_num,company,doc_name,question_type,question,gold_answer,predicted_answer,rouge_f1,exact_match,latency_sec
C5_query_expansion,1,3M,3M_2018_10K,metrics-generated,What is the FY2018 capital expenditure amount (in USD millions) for 3M? Give a response to the question by relying on the details shown in the cash flow statement.,$1577.00,"The FY2018 capital expenditure amount for 3M is not explicitly stated in the provided context. However, it is mentioned that 3M expects 2019 capital spending to be approximately $1.7 billion to $1.9 billion. For the exact FY2018 capital expenditure amount, one would need to refer to the detailed cash flow statement or the section entitled “Cash Flows from Investing Activities” in the full financial report.",0.0,0.0,39.54
C5_query_expansion,2,3M,3M_2018_10K,metrics-generated,Assume that you are a public equities analyst. Answer the following question by primarily using information that is shown in the balance sheet: what is the year end FY2018 net PPNE for 3M? Answer in USD billions.,$8.70,"The year-end FY2018 net property, plant, and equipment (PP&E) for 3M is $8.738 billion.",0.1053,0.0,2.57
C5_query_expansion,3,3M,3M_2022_10K,domain-relevant,Is 3M a capital-intensive business based on FY2022 data?,"No, the company is managing its CAPEX and Fixed Assets pretty efficiently, which is evident from below key metrics:
CAPEX/Revenue Ratio: 5.1%
Fixed assets/Total Assets: 20%
Return on Assets= 12.4%","Yes, 3M is a capital-intensive business based on FY2022 data. The company reported significant capital spending of $1.749 billion in 2022, which reflects its investments in property, plant, and equipment to support growth and manufacturing efficiency. Additionally, 3M's net property, plant, and equipment were valued at $9.178 billion as of December 31, 2022, indicating substantial capital assets.",0.1263,0.0,48.85
C5_query_expansion,4,3M,3M_2022_10K,domain-relevant,"What drove operating margin change as of FY2022 for 3M? If operating margin is not a useful metric for a company like this, then please state that and explain why.","Operating Margin for 3M in FY2022 has decreased by 1.7% primarily due to: 
-Decrease in gross Margin
-mostly one-off charges including Combat Arms Earplugs litigation, impairment related to exiting PFAS manufacturing, costs related to exiting Russia and divestiture-related restructuring
charges","The operating margin for 3M in FY2022 was impacted by several factors. The primary drivers of the change in operating margin included increased costs for raw materials and logistics, manufacturing productivity headwinds, and increased compensation and benefit costs. These factors more than offset the leverage gained from sales growth and benefits from restructuring actions. Additionally, special item costs for significant litigation, particularly related to Combat Arms Earplugs litigation and PFAS-related matters, also affected the operating margin. Despite some offset from selling price actions and spending discipline, these increased costs led to a decrease in the operating income margin from 20.8% in 2021 to 19.1% in 2022. Operating margin remains a useful metric for 3M as it reflects the company's ability to manage costs relative to its sales, despite the challenges faced.",0.2022,0.0,5.22
C5_query_expansion,5,3M,3M_2022_10K,novel-generated,"If we exclude the impact of M&A, which segment has dragged down 3M's overall growth in 2022?",The consumer segment shrunk by 0.9% organically.,The Consumer segment has dragged down 3M's overall growth in 2022.,0.3,0.0,2.0
C5_query_expansion,6,3M,3M_2023Q2_10Q,domain-relevant,"Does 3M have a reasonably healthy liquidity profile based on its quick ratio for Q2 of FY2023? If the quick ratio is not relevant to measure liquidity, please state that and explain why.","No. The quick ratio for 3M was 0.96 by Jun'23 close, which needs a bit of an improvement to touch the 1x mark","The quick ratio is a relevant measure to assess a company's liquidity profile as it evaluates the ability to meet short-term obligations with its most liquid assets, excluding inventory. For 3M in Q2 of FY2023, the quick ratio can be calculated using the formula:

\[ \text{Quick Ratio} = \frac{\text{Cash and Cash Equivalents} + \text{Marketable Securities} + \text{Accounts Receivable}}{\text{Current Liabilities}} \]

From the provided context, 3M had $4.3 billion in cash, cash equivalents, and marketable securities. However, the specific amount for accounts receivable and current liabilities is not provided in the context. Therefore, without these figures, we cannot calculate the exact quick ratio.

Nonetheless, the context indicates that 3M maintains a strong liquidity profile, with significant cash and marketable securities, and access to commercial paper markets, suggesting a reasonably healthy liquidity position. However, for a precise assessment, the quick ratio calculation would require the missing data on accounts receivable and current liabilities.",0.0884,0.0,21.35
C5_query_expansion,7,3M,3M_2023Q2_10Q,domain-relevant,Which debt securities are registered to trade on a national securities exchange under 3M's name as of Q2 of 2023?,"Following debt securities registered under 3M's name are listed to trade on the New York Stock Exchange:
-1.500% Notes due 2026 (Trading Symbol: MMM26)
-1.750% Notes due 2030 (Trading Symbol: MMM30)
-1.500% Notes due 2031 (Trading Symbol: MMM31)",The document does not provide specific information about which debt securities are registered to trade on a national securities exchange under 3M's name as of Q2 of 2023.,0.1972,0.0,2.79
C5_query_expansion,8,3M,3M_2023Q2_10Q,novel-generated,Does 3M maintain a stable trend of dividend distribution?,"Yes, not only they distribute the dividends on a routine basis, 3M has also been increasing the per share dividend for consecutive 65 years","Yes, 3M maintains a stable trend of dividend distribution, having paid dividends since 1916 and marking the 65th consecutive year of dividend increases in 2023.",0.2449,0.0,11.15
C5_query_expansion,9,Activision Blizzard,ACTIVISIONBLIZZARD_2019_10K,metrics-generated,What is the FY2019 fixed asset turnover ratio for Activision Blizzard? Fixed asset turnover ratio is defined as: FY2019 revenue / (average PP&E between FY2018 and FY2019). Round your answer to two decimal places. Base your judgments on the information provided primarily in the statement of income and the statement of financial position.,24.26,ERROR: Connection error.,0.0,0.0,0.0
C5_query_expansion,10,Activision Blizzard,ACTIVISIONBLIZZARD_2019_10K,metrics-generated,What is the FY2017 - FY2019 3 year average of capex as a % of revenue for Activision Blizzard? Answer in units of percents and round to one decimal place. Calculate (or extract) the answer from the statement of income and the cash flow statement.,1.9%,"The provided context does not include the cash flow statement or specific capital expenditure (capex) figures, which are necessary to calculate capex as a percentage of revenue. Without this information, it is not possible to determine the 3-year average of capex as a percentage of revenue for Activision Blizzard from FY2017 to FY2019. You would need to refer to the cash flow statement to find the capex figures for each year and then calculate the percentage based on the net revenues provided in the statement of operations.",0.0,0.0,9.38
C5_query_expansion,11,AES Corporation,AES_2022_10K,domain-relevant,What is the quantity of restructuring costs directly outlined in AES Corporation's income statements for FY2022? If restructuring costs are not explicitly outlined then state 0.,0,0,1.0,1.0,41.95
C5_query_expansion,12,AES Corporation,AES_2022_10K,domain-relevant,Roughly how many times has AES Corporation sold its inventory in FY2022? Calculate inventory turnover ratio for the FY2022; if conventional inventory management is not meaningful for the company then state that and explain why.,AES has converted inventory 9.5 times in FY 2022.,"The inventory turnover ratio is calculated by dividing the cost of goods sold (COGS) by the average inventory. However, the provided document does not include specific figures for COGS or inventory levels, which are necessary to calculate the inventory turnover ratio. 

Moreover, for a company like AES Corporation, which operates in the energy sector, conventional inventory management may not be as meaningful. This is because AES Corporation primarily deals with energy production and distribution, where ""inventory"" might not refer to physical goods in the traditional sense, but rather to energy resources or capacity. Therefore, inventory turnover ratios are not typically a key performance indicator for companies in this industry.",0.0504,0.0,4.27
C5_query_expansion,13,AES Corporation,AES_2022_10K,metrics-generated,"Based on the information provided primarily in the statement of financial position and the statement of income, what is AES's FY2022 return on assets (ROA)? ROA is defined as: FY2022 net income / (average total assets between FY2021 and FY2022). Round your answer to two decimal places.",-0.02,"To calculate the Return on Assets (ROA) for AES in FY2022, we need to use the formula:

\[ \text{ROA} = \frac{\text{Net Income}}{\text{Average Total Assets}} \]

From the provided data:
- FY2022 Net Income (Loss) = \(-546\) million USD
- Total Assets at the end of FY2021 = 7,525 million USD
- Total Assets at the end of FY2022 = 7,575 million USD

First, calculate the average total assets:

\[ \text{Average Total Assets} = \frac{7,525 + 7,575}{2} = \frac{15,100}{2} = 7,550 \text{ million USD} \]

Now, calculate the ROA:

\[ \text{ROA} = \frac{-546}{7,550} \approx -0.0723 \]

Rounded to two decimal places, the ROA is:

\[ \text{ROA} \approx -7.23\% \]",0.0177,0.0,6.64
C5_query_expansion,14,Amazon,AMAZON_2017_10K,metrics-generated,What is Amazon's FY2017 days payable outstanding (DPO)? DPO is defined as: 365 * (average accounts payable between FY2016 and FY2017) / (FY2017 COGS + change in inventory between FY2016 and FY2017). Round your answer to two decimal places. Address the question by using the line items and information shown within the balance sheet and the P&L statement.,93.86,"To calculate Amazon's FY2017 Days Payable Outstanding (DPO), we need to follow these steps:

1. **Calculate the Average Accounts Payable:**
   - Accounts Payable at the end of FY2016: $25,309 million
   - Accounts Payable at the end of FY2017: $34,616 million
   - Average Accounts Payable = (25,309 + 34,616) / 2 = $29,962.5 million

2. **Determine the Cost of Goods Sold (COGS) for FY2017:**
   - COGS for FY2017: $111,934 million

3. **Calculate the Change in Inventory:**
   - Inventory at the end of FY2016: $11,461 million
   - Inventory at the end of FY2017: $16,047 million
   - Change in Inventory = 16,047 - 11,461 = $4,586 million

4. **Calculate DPO:**
   - DPO = 365 * (Average Accounts Payable) / (COGS + Change in Inventory)
   - DPO = 365 * 29,962.5 / (111,934 + 4,586)
   - DPO = 365 * 29,962.5 / 116,520
   - DPO ≈ 93.84

Therefore, Amazon's FY2017 Days Payable Outstanding (DPO) is approximately 93.84 days.",0.0134,0.0,13.66
C5_query_expansion,15,Amazon,AMAZON_2017_10K,metrics-generated,What is Amazon's year-over-year change in revenue from FY2016 to FY2017 (in units of percents and round to one decimal place)? Calculate what was asked by utilizing the line items clearly shown in the statement of income.,30.8%,"The year-over-year change in revenue for Amazon from FY2016 to FY2017 is calculated as follows:

\[
\text{Percentage Change} = \left( \frac{\text{Revenue in 2017} - \text{Revenue in 2016}}{\text{Revenue in 2016}} \right) \times 100
\]

Using the provided data:
- Revenue in 2017 = $177,866 million
- Revenue in 2016 = $135,987 million

\[
\text{Percentage Change} = \left( \frac{177,866 - 135,987}{135,987} \right) \times 100 = \left( \frac{41,879}{135,987} \right) \times 100 \approx 30.8\%
\]

Therefore, Amazon's year-over-year change in revenue from FY2016 to FY2017 is approximately 30.8%.",0.0408,1.0,5.12
C5_query_expansion,16,Amazon,AMAZON_2019_10K,metrics-generated,"By drawing conclusions from the information stated only in the income statement, what is Amazon's FY2019 net income attributable to shareholders (in USD millions)?",$11588.00,"Amazon's FY2019 net income attributable to shareholders is $11,588 million.",0.0,0.0,9.51
C5_query_expansion,17,Amcor,AMCOR_2020_10K,metrics-generated,What is Amcor's year end FY2020 net AR (in USD millions)? Address the question by adopting the perspective of a financial analyst who can only use the details shown within the balance sheet.,$1616.00,"Amcor's year-end FY2020 net accounts receivable (Trade receivables, net) is $1,615.9 million.",0.0,0.0,15.76
C5_query_expansion,18,Amcor,AMCOR_2022_8K_dated-2022-07-01,novel-generated,What was the key agenda of the AMCOR's 8k filing dated 1st July 2022?,"Amcor Finance (USA), Inc. and Amcor Flexibles North America, Inc., entered into supplemental indentures relating to Guaranteed Senior Notes due 2026 and 2028. This involved the substitution of the Substitute Issuer (Amcor Flexibles North America) for the Former Issuer (Amcor Finance) and the assumption of covenants under the indentures. (In essence a novation agreement)","The key agenda of Amcor's 8-K filing dated July 1, 2022, was to report the entry into the First and Second Supplemental Indentures, which involved the substitution of Amcor Flexibles North America, Inc. as the Substitute Issuer for Amcor Finance (USA), Inc., the Former Issuer, and the assumption by the Substitute Issuer of the covenants of the Former Issuer under the Indentures related to the 3.625% Guaranteed Senior Notes due 2026 and the 4.500% Guaranteed Senior Notes due 2028.",0.3504,0.0,4.79
C5_query_expansion,19,Amcor,AMCOR_2023_10K,domain-relevant,"Has AMCOR's quick ratio improved or declined between FY2023 and FY2022? If the quick ratio is not something that a financial analyst would ask about a company like this, then state that and explain why.",The quick ratio has slightly improved from 0.67 times to 0.69 times between FY 2023 and FY 2022.(3.4% jump),"The quick ratio, also known as the acid-test ratio, is a measure of a company's ability to meet its short-term obligations with its most liquid assets. It is calculated as:

\[ \text{Quick Ratio} = \frac{\text{Cash and Cash Equivalents} + \text{Trade Receivables} + \text{Prepaid Expenses and Other Current Assets}}{\text{Total Current Liabilities}} \]

For Amcor plc:

- **FY2023:**
  - Cash and Cash Equivalents: $689 million
  - Trade Receivables: $1,875 million
  - Prepaid Expenses and Other Current Assets: $531 million
  - Total Current Liabilities: $4,476 million

  \[ \text{Quick Ratio 2023} = \frac{689 + 1,875 + 531}{4,476} = \frac{3,095}{4,476} \approx 0.69 \]

- **FY2022:**
  - Cash and Cash Equivalents: $775 million
  - Trade Receivables: $1,935 million
  - Prepaid Expenses and Other Current Assets: $512 million
  - Total Current Liabilities: $5,103 million

  \[ \text{Quick Ratio 2022} = \frac{775 + 1,935 + 512}{5,103} = \frac{3,222}{5,103} \approx 0.63 \]

The quick ratio has improved from approximately 0.63 in FY2022 to approximately 0.69 in FY2023. This indicates a slight improvement in Amcor's ability to cover its short-term liabilities with its most liquid assets.",0.0957,0.0,30.07
C5_query_expansion,20,Amcor,AMCOR_2023_10K,domain-relevant,"What are major acquisitions that AMCOR has done in FY2023, FY2022 and FY2021?","Amcor completed these acquisitions during FY2023:
-100% equity interest of a flexibles manufacturing company in the Czech Republic
- 100% equity interest in a medical device packaging manufacturing site in
Shanghai, China.
-acquisition of a New Zealand-based leading manufacturer of state-of-the-art, automated protein
packaging machines.","In fiscal year 2023, Amcor signed an agreement to acquire a small manufacturer of flexible packaging for food, home care, and personal care applications in India. This acquisition is intended to complement Amcor's existing flexible packaging footprint in India and enable local production of a broader range of sustainable packaging solutions. There is no specific mention of major acquisitions in fiscal years 2022 and 2021 in the provided context.",0.1864,0.0,4.77
C5_query_expansion,21,Amcor,AMCOR_2023_10K,domain-relevant,What industry does AMCOR primarily operate in?,Amcor is a global leader in packaging production for various use cases.,Amcor primarily operates in the packaging industry.,0.3158,0.0,1.73
C5_query_expansion,22,Amcor,AMCOR_2023_10K,domain-relevant,"Does AMCOR have an improving gross margin profile as of FY2023? If gross margin is not a useful metric for a company like this, then state that and explain why.",No. For AMCOR there has been a slight decline in gross margins by 0.8%.,"Gross margin is not a particularly useful metric for a company like Amcor, which operates in the packaging industry. This is because Amcor's business involves significant costs related to raw materials, manufacturing, and logistics, which can fluctuate due to market conditions, such as supply shortages and price volatility of resins and raw materials. Instead, companies like Amcor often focus on metrics such as operating margin, cash flow, and return on invested capital to assess financial performance and efficiency. These metrics provide a more comprehensive view of the company's ability to manage costs, generate profits, and create shareholder value in a highly competitive and variable cost environment.",0.065,0.0,4.58
C5_query_expansion,23,Amcor,AMCOR_2023Q2_10Q,novel-generated,What is the nature & purpose of AMCOR's restructuring liability as oF Q2 of FY2023 close?,87% of the total restructuring liability is related Employee liabilities.,"As of the close of Q2 of FY2023, Amcor's restructuring liability primarily relates to activities associated with the Russia-Ukraine conflict and the integration of acquired Bemis operations, which was substantially completed by the end of fiscal year 2022. The restructuring liability includes costs for employee-related expenses, fixed asset-related costs, and other costs. The company expects the majority of this liability to be paid within the next twelve months.",0.1707,0.0,8.47
C5_query_expansion,24,Amcor,AMCOR_2023Q4_EARNINGS,novel-generated,What Was AMCOR's Adjusted Non GAAP EBITDA for FY 2023,"AMCOR's Adj. EBITDA was $2,018mn in FY 2023","Amcor's Adjusted Non-GAAP EBITDA for fiscal year 2023 was $2,018 million.",0.4167,0.0,3.92
C5_query_expansion,25,Amcor,AMCOR_2023Q4_EARNINGS,novel-generated,"How much was the Real change in Sales for AMCOR in FY 2023 vs FY 2022, if we exclude the impact of FX movement, passthrough costs and one-off items?",The Real Growth was flat in FY 2023 vs FY 2022.,"The real change in sales for Amcor in FY 2023 compared to FY 2022, excluding the impact of foreign exchange movements, passthrough costs, and one-off items, was 0%. This is indicated by the comparable constant currency growth, which was in line with the prior year.",0.2456,0.0,2.32
C5_query_expansion,26,AMD,AMD_2015_10K,metrics-generated,"Answer the following question as if you are an equity research analyst and have lost internet connection so you do not have access to financial metric providers. According to the details clearly outlined within the P&L statement and the statement of cash flows, what is the FY2015 depreciation and amortization (D&A from cash flow statement) % margin for AMD?",4.2%,ERROR: Stream has ended unexpectedly,0.0,0.0,0.0
C5_query_expansion,27,AMD,AMD_2022_10K,domain-relevant,"Does AMD have a reasonably healthy liquidity profile based on its quick ratio for FY22? If the quick ratio is not relevant to measure liquidity, please state that and explain why.","Yes. The quick ratio is 1.57, calculated as (cash and cash equivalents+Short term investments+Accounts receivable, net+receivables from related parties)/ (current liabilities).","To assess AMD's liquidity profile using the quick ratio for FY22, we need to consider the company's current assets excluding inventory, compared to its current liabilities. The quick ratio is calculated as:

\[ \text{Quick Ratio} = \frac{\text{Cash and Cash Equivalents} + \text{Short-term Investments} + \text{Accounts Receivable}}{\text{Current Liabilities}} \]

From the provided context, AMD's cash, cash equivalents, and short-term investments as of December 31, 2022, were $5.9 billion. However, the context does not provide specific figures for accounts receivable or current liabilities, which are necessary to calculate the quick ratio accurately.

Without these figures, we cannot directly calculate the quick ratio. However, the increase in cash, cash equivalents, and short-term investments from $3.6 billion in 2021 to $5.9 billion in 2022 suggests an improvement in liquidity. Additionally, the fact that AMD has a revolving credit facility and a commercial paper program indicates that the company has access to additional liquidity if needed.

In conclusion, while the quick ratio itself cannot be calculated with the given data, the available information suggests that AMD has a reasonably healthy liquidity profile for FY22.",0.1674,0.0,21.72
C5_query_expansion,28,AMD,AMD_2022_10K,domain-relevant,What are the major products and services that AMD sells as of FY22?,"AMD sells server microprocessors (CPUs) and graphics processing units (GPUs), data processing units (DPUs), Field Programmable Gate Arrays (FPGAs), and Adaptive System-on-Chip (SoC) products for data centers; CPUs, accelerated processing units (APUs) that integrate CPUs and GPUs, and chipsets for desktop and notebook personal computers; discrete GPUs, and semi-custom SoC products and development services; and embedded CPUs, GPUs, APUs, FPGAs, and Adaptive SoC products.","As of FY22, AMD's major products and services include:

1. **Data Center Products**: Server CPUs (AMD EPYC Series), GPUs (AMD Instinct family), DPUs, FPGAs, and Adaptive SoCs.

2. **Client Products**: Desktop and notebook CPUs (AMD Ryzen and Athlon series), APUs, and chipsets.

3. **Gaming Products**: Discrete GPUs (AMD Radeon series), semi-custom SoC products for gaming consoles, and development services.

4. **Embedded Products**: Embedded CPUs, GPUs, APUs, FPGAs, and Adaptive SoCs for various markets including automotive, industrial, and communications.

5. **Software Platforms**: Development tools, compilers, and drivers for CPUs, GPUs, and FPGAs, including AMD ROCm and Vitis platforms.

6. **Custom Solutions**: Semi-custom SoCs and custom silicon solutions for specific customer needs.

7. **Adaptable Platforms**: FPGAs and Adaptive SoCs for customizable and domain-specific applications.",0.3212,0.0,5.52
C5_query_expansion,29,AMD,AMD_2022_10K,domain-relevant,What drove revenue change as of the FY22 for AMD?,"In 2022, AMD reported Higher sales of their EPYC server processors, higher semi-custom product sales, and the inclusion of Xilinx embedded product sales","The revenue change for AMD in FY22 was driven by a 64% increase in Data Center segment revenue due to higher sales of EPYC™ server processors, a 21% increase in Gaming segment revenue from higher semi-custom product sales, and a significant increase in Embedded segment revenue due to the inclusion of Xilinx embedded product sales. This growth was partially offset by a 10% decrease in Client segment revenue due to lower processor shipments from a weak PC market and inventory corrections across the PC supply chain.",0.3604,0.0,3.23
C5_query_expansion,30,AMD,AMD_2022_10K,domain-relevant,"What drove operating margin change as of the FY22 for AMD? If operating margin is not a useful metric for a company like this, then please state that and explain why.",The decrease in AMD's operating income was primarily driven by amortization of intangible assets associated with the Xilinx acquisition,"The operating margin change for AMD in FY22 was primarily driven by the amortization of intangible assets associated with the Xilinx acquisition. This amortization significantly impacted operating income, which decreased from $3.6 billion in 2021 to $1.3 billion in 2022. Additionally, higher operating expenses contributed to the decrease in operating income. While operating margin is a useful metric for assessing profitability, in this case, it was notably affected by acquisition-related costs, which may not reflect the company's core operational performance.",0.2885,0.0,3.3
C5_query_expansion,31,AMD,AMD_2022_10K,domain-relevant,"Among operations, investing, and financing activities, which brought in the most (or lost the least) cash flow for AMD in FY22?","In 2022, AMD brought in the most cashflow from Operations","Operating activities brought in the most cash flow for AMD in FY22, with net cash provided amounting to $3.6 billion.",0.2581,0.0,2.84
C5_query_expansion,32,AMD,AMD_2022_10K,novel-generated,"From FY21 to FY22, excluding Embedded, in which AMD reporting segment did sales proportionally increase the most?",Data Center,"The Data Center segment experienced the most significant proportional increase in sales, with a 64% increase from FY21 to FY22.",0.1818,1.0,6.71
C5_query_expansion,33,AMD,AMD_2022_10K,novel-generated,Did AMD report customer concentration in FY22?,"Yes, one customer accounted for 16% of consolidated net revenue","Yes, AMD reported customer concentration in FY22, indicating that a small number of customers accounted for a substantial part of its revenue.",0.375,0.0,3.09
C5_query_expansion,34,American Express,AMERICANEXPRESS_2022_10K,domain-relevant,Which debt securities are registered to trade on a national securities exchange under American Express' name as of 2022?,There are none,"As of 2022, the debt securities registered to trade on a national securities exchange under American Express' name are the Common Shares (par value $0.20 per Share) with the trading symbol AXP on the New York Stock Exchange.",0.0476,0.0,36.62
C5_query_expansion,35,American Express,AMERICANEXPRESS_2022_10K,domain-relevant,What are the geographies that American Express primarily operates in as of 2022?,"United States, EMEA, APAC, and LACC","As of 2022, American Express primarily operates in the United States, United Kingdom, European Union, Australia, Japan, Canada, and Mexico.",0.2308,0.0,3.51
C5_query_expansion,36,American Express,AMERICANEXPRESS_2022_10K,domain-relevant,"Does AMEX have an improving operating margin profile as of 2022? If operating margin is not a useful metric for a company like this, then state that and explain why.",Performance is not measured through operating margin,"Operating margin may not be the most useful metric for evaluating a company like American Express (AMEX) due to its unique business model as a financial services company. Instead, metrics such as net income, revenue growth, credit metrics, and return on equity are often more relevant for assessing the financial health and performance of companies in the financial sector. 

For AMEX, the focus is on its ""spend-centric"" model, which emphasizes generating revenue through card spending and associated fees, rather than traditional operating margin metrics. The company's performance is better evaluated by looking at factors such as network volume growth, card member spending, and the effectiveness of its rewards and marketing strategies. Additionally, AMEX's financial statements highlight its ability to maintain strong credit metrics and capital ratios, which are crucial for financial institutions.",0.0704,0.0,6.22
C5_query_expansion,37,American Express,AMERICANEXPRESS_2022_10K,domain-relevant,"What drove gross margin change as of the FY2022 for American Express? If gross margin is not a useful metric for a company like this, then please state that and explain why.",Performance is not measured through gross margin,"Gross margin is not a particularly useful metric for a company like American Express, which operates primarily in the financial services sector. Instead of focusing on gross margin, American Express's financial performance is better assessed through metrics such as total revenues net of interest expense, discount revenue, net card fees, service fees, and net interest income. These metrics reflect the company's ""spend-centric"" business model, which emphasizes generating revenue through card member spending, finance charges, and fees. The company's performance in FY2022 was driven by strong growth in card member spending, increased net card fees, higher service fees, and growth in card member loans, rather than traditional gross margin considerations.",0.0833,0.0,4.61
C5_query_expansion,38,American Express,AMERICANEXPRESS_2022_10K,domain-relevant,How much has the effective tax rate of American Express changed between FY2021 and FY2022?,The effective tax rate for American Express has changed/dropped from 24.6% in FY 2021 to 21.6% in FY 2022.,"The effective tax rate of American Express decreased from 24.6 percent in FY2021 to 21.6 percent in FY2022, reflecting a change of 3.0 percentage points.",0.56,0.0,2.17
C5_query_expansion,39,American Express,AMERICANEXPRESS_2022_10K,novel-generated,What was the largest liability in American Express's Balance Sheet in 2022?,Customer deposits,"The largest liability in American Express's Balance Sheet in 2022 was the financial liabilities for which carrying values equal or approximate fair value, amounting to $123 billion.",0.0,0.0,1.88
C5_query_expansion,40,American Express,AMERICANEXPRESS_2022_10K,novel-generated,Was American Express able to retain card members during 2022?,Yes,"The provided context does not explicitly state whether American Express was able to retain card members during 2022. However, it mentions efforts to attract new card members and retain existing ones through various initiatives, such as offering rewards, expanding merchant acceptance, and enhancing customer experiences. For specific retention data, additional information or data from American Express's 2022 reports would be needed.",0.0,0.0,3.2
C5_query_expansion,41,American Water Works,AMERICANWATERWORKS_2020_10K,metrics-generated,How much (in USD billions) did American Water Works pay out in cash dividends for FY2020? Compute or extract the answer by primarily using the details outlined in the statement of cash flows.,$0.40,"American Water Works paid out $402 million in cash dividends for FY2020. This can be extracted from the statement of cash flows under the financing activities section, where cash dividends paid are typically listed.",0.0,0.0,24.91
C5_query_expansion,42,American Water Works,AMERICANWATERWORKS_2021_10K,metrics-generated,"Basing your judgments off of the cash flow statement and the income statement, what is American Water Works's FY2021 unadjusted operating income + depreciation and amortization from the cash flow statement (unadjusted EBITDA) in USD millions?",$1832.00,"American Water Works's FY2021 unadjusted operating income plus depreciation and amortization (unadjusted EBITDA) is $1,899 million.",0.0,0.0,18.76
C5_query_expansion,43,American Water Works,AMERICANWATERWORKS_2022_10K,domain-relevant,"Does American Water Works have positive working capital based on FY2022 data? If working capital is not a useful or relevant metric for this company, then please state that and explain why.","No, American Water Works had negative working capital of -$1561M in FY 2022.","Yes, American Water Works has positive working capital based on FY2022 data. Working capital is calculated as current assets minus current liabilities. From the provided data, the total current assets are $1,250 million. Although the current liabilities are not explicitly listed in the provided context, the presence of positive current assets suggests that the company likely maintains positive working capital. However, for a utility company like American Water Works, working capital might not be the most relevant metric due to the nature of its operations, which involve significant long-term investments and regulated revenue streams. Utility companies often focus more on cash flow and long-term asset management rather than short-term liquidity measures like working capital.",0.0916,0.0,39.3
C5_query_expansion,44,Best Buy,BESTBUY_2017_10K,metrics-generated,"In agreement with the information outlined in the income statement, what is the FY2015 - FY2017 3 year average net profit margin (as a %) for Best Buy? Answer in units of percents and round to one decimal place.",2.8%,"To calculate the average net profit margin for Best Buy from FY2015 to FY2017, we need to use the formula:

\[ \text{Net Profit Margin} = \left( \frac{\text{Net Earnings}}{\text{Revenue}} \right) \times 100 \]

Using the data provided:

- FY2015: 
  - Net Earnings = $1,233 million
  - Revenue = $40,339 million
  - Net Profit Margin = \( \left( \frac{1,233}{40,339} \right) \times 100 = 3.1\% \)

- FY2016: 
  - Net Earnings = $897 million
  - Revenue = $39,528 million
  - Net Profit Margin = \( \left( \frac{897}{39,528} \right) \times 100 = 2.3\% \)

- FY2017: 
  - Net Earnings = $1,228 million
  - Revenue = $39,403 million
  - Net Profit Margin = \( \left( \frac{1,228}{39,403} \right) \times 100 = 3.1\% \)

Now, calculate the average net profit margin over these three years:

\[ \text{Average Net Profit Margin} = \frac{3.1 + 2.3 + 3.1}{3} = 2.8\% \]

Therefore, the FY2015 - FY2017 3-year average net profit margin for Best Buy is 2.8%.",0.0263,1.0,18.5
C5_query_expansion,45,Best Buy,BESTBUY_2019_10K,metrics-generated,What is the year end FY2019 total amount of inventories for Best Buy? Answer in USD millions. Base your judgments on the information provided primarily in the balance sheet.,$5409.00,"The year-end FY2019 total amount of inventories for Best Buy is not explicitly provided in the context you shared. To find this information, you would typically need to refer to the balance sheet section of the Form 10-K report. If you have access to the full document, you can locate the balance sheet to find the inventories figure.",0.0,0.0,16.42
C5_query_expansion,46,Best Buy,BESTBUY_2023_10K,domain-relevant,"Are Best Buy's gross margins historically consistent (not fluctuating more than roughly 2% each year)? If gross margins are not a relevant metric for a company like this, then please state that and explain why.","Yes, the margins have been consistent, there has been a minor decline of 1.1% in gross margins between FY2022 and FY2023.","Best Buy's gross margins are not historically consistent, as they can fluctuate due to various factors such as changes in product margin rates, promotional activities, and supply chain costs. For a retail company like Best Buy, gross margins are a relevant metric because they reflect the profitability of the products sold after accounting for the cost of goods sold. However, these margins can be influenced by external factors such as market competition, vendor pricing, and consumer demand, leading to potential fluctuations beyond a 2% range each year.",0.1091,0.0,13.84
C5_query_expansion,47,Best Buy,BESTBUY_2023_10K,domain-relevant,"What are major acquisitions that Best Buy has done in FY2023, FY2022 and FY2021?","Best Buy closed two acquisitions, both these companies were already partially owned by Best Buy, but Best Buy acquired all outstanding shares of these two companies during FY 2022: (1) Current Health Ltd and (2) Two Peaks, LLC d/b/a Yardbird Furniture","In fiscal 2022, Best Buy acquired all of the outstanding shares of Current Health Ltd. and Two Peaks, LLC, doing business as Yardbird Furniture. There are no major acquisitions mentioned for fiscal 2023 and fiscal 2021 in the provided context.",0.3855,0.0,4.98
C5_query_expansion,48,Best Buy,BESTBUY_2023_10K,domain-relevant,"Among operations, investing, and financing activities, which brought in the most (or lost the least) cash flow for Best Buy in FY2023?",Best Buy generated the most cash flow from operating activities in FY 2023 ($1.8 bn),Operating activities brought in the most cash flow for Best Buy in FY2023.,0.3448,0.0,3.45
C5_query_expansion,49,Best Buy,BESTBUY_2024Q2_10Q,novel-generated,Was there any drop in Cash & Cash equivalents between FY 2023 and Q2 of FY2024?,"Yes, there was a decline of ~42% between FY2023 and Q2 of FY 2024.","Yes, there was a drop in cash and cash equivalents between FY 2023 and Q2 of FY 2024. Cash, cash equivalents, and restricted cash decreased from $2,253 million at the beginning of the period to $1,491 million at the end of the period, resulting in a decrease of $762 million.",0.303,0.0,8.56
C5_query_expansion,50,Best Buy,BESTBUY_2024Q2_10Q,novel-generated,Was there any change in the number of Best Buy stores between Q2 of FY2024 and FY2023?,"Yes, there is decline in number stores by 1.32% from 982 stores in Q2 FY 2023 to 969 by the end of Q2 FY2024.","Yes, there was a decrease in the number of Best Buy stores. The total number of Best Buy stores at the end of the second quarter of fiscal 2024 was 907, compared to 930 at the end of the second quarter of fiscal 2023.",0.2899,0.0,3.48
C5_query_expansion,51,Best Buy,BESTBUY_2024Q2_10Q,novel-generated,Which Best Buy product category performed the best (by top line) in the domestic (USA) Market during Q2 of FY2024?,"The entertainment segment experienced the highest growth of 9% during Q2 FY2024, primarily from gaming division.","The ""Computing and Mobile Phones"" category performed the best by top line in the domestic market during Q2 of FY2024, with revenue of $3,674 million.",0.2381,0.0,2.78
C5_query_expansion,52,Block,BLOCK_2016_10K,metrics-generated,"Considering the data in the balance sheet, what is Block's (formerly known as Square) FY2016 working capital ratio? Define working capital ratio as total current assets divided by total current liabilities. Round your answer to two decimal places.",1.73,"Block's FY2016 working capital ratio is calculated as follows:

Working Capital Ratio = Total Current Assets / Total Current Liabilities

From the balance sheet data:
- Total Current Assets for FY2016 = $1,001,425 thousand
- Total Current Liabilities for FY2016 = $577,464 thousand

Working Capital Ratio = $1,001,425 / $577,464 ≈ 1.73

Therefore, Block's FY2016 working capital ratio is 1.73.",0.0635,1.0,16.67
C5_query_expansion,53,Block,BLOCK_2020_10K,metrics-generated,What is the FY2019 - FY2020 total revenue growth rate for Block (formerly known as Square)? Answer in units of percents and round to one decimal place. Approach the question asked by assuming the standpoint of an investment banking analyst who only has access to the statement of income.,101.5%,"The total revenue for Block (formerly known as Square) in FY2019 was $4,713,500,000, and in FY2020 it was $9,497,578,000. To calculate the revenue growth rate from FY2019 to FY2020, use the formula:

\[
\text{Growth Rate} = \left(\frac{\text{FY2020 Revenue} - \text{FY2019 Revenue}}{\text{FY2019 Revenue}}\right) \times 100
\]

Substitute the given values:

\[
\text{Growth Rate} = \left(\frac{9,497,578 - 4,713,500}{4,713,500}\right) \times 100
\]

\[
\text{Growth Rate} = \left(\frac{4,784,078}{4,713,500}\right) \times 100
\]

\[
\text{Growth Rate} \approx 101.5\%
\]

The FY2019 - FY2020 total revenue growth rate for Block is approximately 101.5%.",0.036,1.0,30.96
C5_query_expansion,54,Block,BLOCK_2020_10K,metrics-generated,"Using the cash flow statement, answer the following question to the best of your abilities: how much did Block (formerly known as Square) generate in cash flow from operating activities in FY2020? Answer in USD millions.",$382.00,Block (formerly known as Square) generated $381.6 million in cash flow from operating activities in FY2020.,0.0,0.0,2.19
C5_query_expansion,55,Boeing,BOEING_2018_10K,metrics-generated,"We need to calculate a financial metric by using information only provided within the balance sheet. Please answer the following question: what is Boeing's year end FY2018 net property, plant, and equipment (in USD millions)?",$12645.00,"Boeing's year-end FY2018 net property, plant, and equipment is $12,645 million.",0.0,0.0,14.75
C5_query_expansion,56,Boeing,BOEING_2022_10K,domain-relevant,Are there any product categories / service categories that represent more than 20% of Boeing's revenue for FY2022?,"Yes. Boeing has product and service categories that represent more than 20% of Boeing's revenue for FY2022. These categories are Commercial Airplanes which comprises 39% of total revenue, Defence which comprises 35% of total revenue and Services which comprises 26% of total revenue.","Yes, the product category ""Sales of products"" represents more than 20% of Boeing's revenue for FY2022, accounting for $55,893 million out of the total $66,608 million in revenues.",0.4267,0.0,22.32
C5_query_expansion,57,Boeing,BOEING_2022_10K,domain-relevant,Has Boeing reported any materially important ongoing legal battles from FY2022?,Yes. Multiple lawsuits have been filed against Boeing resulting from a 2018 Lion Air crash and a 2019 Ethiopian Airlines crash.,"Yes, Boeing has reported ongoing legal battles related to the accidents of Lion Air Flight 610 and Ethiopian Airlines Flight 302, as well as a dispute with Embraer S.A. regarding terminated joint venture agreements. These matters are considered significant, but Boeing cannot reasonably estimate a range of potential losses from these legal proceedings.",0.1867,0.0,3.52
C5_query_expansion,58,Boeing,BOEING_2022_10K,domain-relevant,"Does Boeing have an improving gross margin profile as of FY2022? If gross margin is not a useful metric for a company like this, then state that and explain why.","Yes. Boeing has an improving gross margin profile as of FY2022. Gross profit improved from $3,017 million in FY2021 to $3,502 million in FY2022. Gross margin % improved from 4.8% in FY2021 to 5.3% in FY2022.","Gross margin is not a particularly useful metric for a company like Boeing, which operates in industries characterized by long-term contracts, complex projects, and significant research and development expenses. Instead, Boeing's financial performance is better assessed through metrics like operating margins, segment-specific performance, and cash flow from operations. These metrics provide a more comprehensive view of the company's profitability and financial health, considering the unique nature of its business operations, which include commercial airplanes, defense, space, and security, as well as global services.",0.0794,0.0,3.13
C5_query_expansion,59,Boeing,BOEING_2022_10K,domain-relevant,Who are the primary customers of Boeing as of FY2022?,Boeing's primary customers as of FY2022 are a limited number of commercial airlines and the US government. The US government accounted for 40% of Boeing's total revenues in FY2022.,"The primary customers of Boeing as of FY2022 are commercial airlines, the U.S. Department of Defense, NASA, and various non-U.S. defense customers.",0.3929,0.0,3.45
C5_query_expansion,60,Boeing,BOEING_2022_10K,novel-generated,Is Boeing's business subject to cyclicality?,"Yes, Boeing's business is subject to cyclicality due to its exposure to the airline industry which is a cyclical industry.","Yes, Boeing's business is subject to cyclicality, particularly in the commercial aircraft market, which is influenced by economic conditions, airline industry trends, and external factors such as fuel prices, geopolitical events, and global economic growth.",0.4211,0.0,3.72
C5_query_expansion,61,Boeing,BOEING_2022_10K,novel-generated,What production rate changes is Boeing forecasting for FY2023?,"Boeing forecasts an increase in the production rates for the 737, 777X and 787 aircrafts in 2023.","For FY2023, Boeing is forecasting the following production rate changes:

1. The 787 program is expected to gradually increase production to 5 aircraft per month.
2. Production of the 777X is currently paused and is expected to resume in 2023.
3. The 737 program plans to gradually increase production rates based on market demand and supply chain capacity.",0.2667,0.0,4.73
C5_query_expansion,62,Boeing,BOEING_2022_10K,novel-generated,How does Boeing's effective tax rate in FY2022 compare to FY2021?,"Effective tax rate in FY2022 was 0.62%, compared to  -14.76% in FY2021.","Boeing's effective tax rate in FY2022 was -0.6%, compared to 14.8% in FY2021.",0.8,0.0,2.85
C5_query_expansion,63,Coca-Cola,COCACOLA_2017_10K,metrics-generated,What is the FY2017 return on assets (ROA) for Coca Cola? ROA is defined as: FY2017 net income / (average total assets between FY2016 and FY2017). Round your answer to two decimal places. Give a response to the question by relying on the details shown in the balance sheet and the P&L statement.,0.01,"To calculate the FY2017 return on assets (ROA) for Coca-Cola, we need to use the formula:

\[ \text{ROA} = \frac{\text{Net Income}}{\text{Average Total Assets}} \]

From the data provided:
- FY2017 net income attributable to shareowners of The Coca-Cola Company is $1,248 million.
- Total assets for FY2016 are $87,270 million.
- Total assets for FY2017 are $87,896 million.

First, calculate the average total assets:

\[ \text{Average Total Assets} = \frac{87,270 + 87,896}{2} = \frac{175,166}{2} = 87,583 \text{ million} \]

Now, calculate the ROA:

\[ \text{ROA} = \frac{1,248}{87,583} \approx 0.01425 \]

Convert this to a percentage:

\[ \text{ROA} \approx 1.43\% \]

Therefore, the FY2017 return on assets (ROA) for Coca-Cola is approximately 1.43%.",0.0159,1.0,48.14
C5_query_expansion,64,Coca-Cola,COCACOLA_2021_10K,metrics-generated,What is Coca Cola's FY2021 COGS % margin? Calculate what was asked by utilizing the line items clearly shown in the income statement.,39.7%,"Coca-Cola's FY2021 Cost of Goods Sold (COGS) percentage margin is calculated by dividing the Cost of Goods Sold by the Net Operating Revenues and then multiplying by 100 to express it as a percentage.

COGS % Margin = (Cost of Goods Sold / Net Operating Revenues) * 100

For FY2021:
COGS = $15,357 million
Net Operating Revenues = $38,655 million

COGS % Margin = ($15,357 / $38,655) * 100 ≈ 39.73%",0.029,0.0,32.18
C5_query_expansion,65,Coca-Cola,COCACOLA_2022_10K,metrics-generated,What is Coca Cola's FY2022 dividend payout ratio (using total cash dividends paid and net income attributable to shareholders)? Round answer to two decimal places. Answer the question asked by assuming you only have access to information clearly displayed in the cash flow statement and the income statement.,0.8,"Coca-Cola's FY2022 dividend payout ratio is calculated as follows:

Dividend Payout Ratio = (Total Cash Dividends Paid / Net Income Attributable to Shareowners) * 100

From the cash flow statement, the total cash dividends paid in 2022 is $7,616 million. From the income statement, the net income attributable to shareowners in 2022 is $9,542 million.

Dividend Payout Ratio = ($7,616 / $9,542) * 100 = 79.79%

Therefore, Coca-Cola's FY2022 dividend payout ratio is 79.79%.",0.0,0.0,31.55
C5_query_expansion,66,Corning,CORNING_2020_10K,metrics-generated,"Based on the information provided primarily in the balance sheet and the statement of income, what is FY2020 days payable outstanding (DPO) for Corning? DPO is defined as: 365 * (average accounts payable between FY2019 and FY2020) / (FY2020 COGS + change in inventory between FY2019 and FY2020). Round your answer to two decimal places.",63.86,"To calculate the Days Payable Outstanding (DPO) for Corning for FY2020, we need the following information:

1. **Average Accounts Payable**: This is not directly provided in the context, so we will assume that the accounts payable figures are not available. If they were, you would calculate the average of the accounts payable at the end of FY2019 and FY2020.

2. **Cost of Goods Sold (COGS) for FY2020**: This is not directly provided in the context. Typically, COGS would be found in the income statement, but it is not mentioned here.

3. **Change in Inventory between FY2019 and FY2020**:
   - Inventory at the end of FY2020: $2,438 million
   - Inventory at the end of FY2019: $2,320 million
   - Change in Inventory = $2,438 million - $2,320 million = $118 million

Since the necessary data for accounts payable and COGS is not provided in the context, we cannot calculate the DPO accurately. If you have access to the accounts payable and COGS figures, you can use the formula:

\[ \text{DPO} = \frac{365 \times \text{Average Accounts Payable}}{\text{COGS} + \text{Change in Inventory}} \]

Without the accounts payable and COGS figures, the DPO cannot be determined from the provided information.",0.0,0.0,24.53
C5_query_expansion,67,Corning,CORNING_2021_10K,metrics-generated,"Taking into account the information outlined in the income statement, what is the FY2019 - FY2021 3 year average unadjusted operating income % margin for Corning? Answer in units of percents and round to one decimal place.",10.3%,"The operating income % margin for each year is calculated as follows:

- FY2019: Operating Income = $1,306 million, Net Sales = $11,503 million, Operating Income % Margin = (1,306 / 11,503) * 100 = 11.4%
- FY2020: Operating Income = $509 million, Net Sales = $11,303 million, Operating Income % Margin = (509 / 11,303) * 100 = 4.5%
- FY2021: Operating Income = $2,112 million, Net Sales = $14,082 million, Operating Income % Margin = (2,112 / 14,082) * 100 = 15.0%

The 3-year average operating income % margin is calculated as follows:

Average Operating Income % Margin = (11.4% + 4.5% + 15.0%) / 3 = 10.3%

Therefore, the 3-year average unadjusted operating income % margin for Corning is 10.3%.",0.0357,1.0,22.2
C5_query_expansion,68,Corning,CORNING_2022_10K,domain-relevant,How much has the effective tax rate of Corning changed between FY2021 and FY2022?,The effective tax rate of Corning has changed from 20% in FY2021 to 23% in FY 2022.,"The effective tax rate of Corning increased from 20% in FY2021 to 23% in FY2022, reflecting a change of 3 percentage points.",0.6667,0.0,21.9
C5_query_expansion,69,Corning,CORNING_2022_10K,domain-relevant,"Does Corning have positive working capital based on FY2022 data? If working capital is not a useful or relevant metric for this company, then please state that and explain why.",Yes. Corning had a positive working capital amount of $831 million by FY 2022 close. This answer considers only operating current assets and current liabilities that were clearly shown in the balance sheet.,"Yes, Corning has positive working capital based on FY2022 data. Working capital is calculated as current assets minus current liabilities. For Corning in 2022, the current assets are $7,453 million, and the current liabilities are $5,175 million. Therefore, the working capital is $7,453 million - $5,175 million = $2,278 million, indicating positive working capital.",0.2667,0.0,4.76
C5_query_expansion,70,Costco,COSTCO_2021_10K,metrics-generated,"Using only the information within the balance sheet, how much total assets did Costco have at the end of FY2021? Answer in USD millions.",$59268.00,"$59,268 million",0.0,0.0,18.52
C5_query_expansion,71,CVS Health,CVSHEALTH_2018_10K,metrics-generated,What is the FY2018 fixed asset turnover ratio for CVS Health? Fixed asset turnover ratio is defined as: FY2018 revenue / (average PP&E between FY2017 and FY2018). Round your answer to two decimal places. Calculate what was asked by utilizing the line items clearly shown in the P&L statement and the balance sheet.,17.98,"To calculate the FY2018 fixed asset turnover ratio for CVS Health, we need to determine the FY2018 revenue and the average property, plant, and equipment (PP&E) between FY2017 and FY2018.

1. **FY2018 Revenue**: According to the provided data, the total revenue for FY2018 is $194,579 million.

2. **Average PP&E**: The average PP&E is calculated using the PP&E values from the balance sheets of FY2017 and FY2018. However, the specific PP&E values are not directly provided in the data. Typically, PP&E would be part of the total assets, but since we don't have the specific PP&E figures, we cannot calculate the average PP&E directly from the given data.

Since the specific PP&E values are not provided, we cannot accurately calculate the fixed asset turnover ratio without making assumptions or having additional data. If you have access to the PP&E values for FY2017 and FY2018, you can use the following formula to calculate the average PP&E:

\[ \text{Average PP&E} = \frac{\text{PP&E FY2017} + \text{PP&E FY2018}}{2} \]

Then, the fixed asset turnover ratio would be:

\[ \text{Fixed Asset Turnover Ratio} = \frac{\text{FY2018 Revenue}}{\text{Average PP&E}} \]

Without the specific PP&E values, the calculation cannot be completed accurately.",0.0,0.0,45.47
C5_query_expansion,72,CVS Health,CVSHEALTH_2022_10K,domain-relevant,Is CVS Health a capital-intensive business based on FY2022 data?,"Yes, CVS Health requires an extensive asset base to operate, which is evident from its ROA of only 1.82% in 2022 and 3.39% in 2021, though it should be noted that a significant portion of this asset base is goodwill, and CVS's fixed assets/total assets ratio is on the lower side of 5.6%.","Yes, CVS Health is a capital-intensive business. This is evident from its extensive infrastructure, which includes more than 9,000 retail locations, over 1,100 walk-in medical clinics, and significant investments in information systems and digital capabilities. Additionally, the company engages in continuous assessment and strategic review of its retail business, including opening new locations and closing others, which requires substantial capital investment. The company's operations also involve significant expenses related to store payroll, employee benefits, occupancy costs, and investments in technology and analytics capabilities.",0.1918,0.0,41.48
C5_query_expansion,73,CVS Health,CVSHEALTH_2022_10K,domain-relevant,"Has CVS Health reported any materially important ongoing legal battles from 2022, 2021 and 2020?","Yes, CVS Health has been involved in multiple ongoing legal battles. Some notable legal dispute areas for CVS are: (1) usual and customary pricing litigation: where it's claimed that CVSâs retail pharmacies overcharged for prescription drugs; (2) PBM litigation and investigations: where it's claimed that that rebate agreements between the drug manufacturers and PBMs caused inflated prices for certain drug products; and (3) controlled substances litigation: legal matters around opioids for which CVS has agreed to pay up to $4.3 billion to claimants in remediation and $625 million to attorneys and fees","Yes, CVS Health has reported ongoing legal battles related to opioid claims. The company has been involved in multidistrict litigation concerning the impacts of widespread prescription opioid abuse, with numerous cases filed against it by various plaintiffs, including counties, cities, hospitals, Indian tribes, and third-party payors. Additionally, CVS Health has been named as a defendant in similar cases brought by certain state Attorneys General and has received subpoenas and other requests for information regarding opioids from state Attorneys General and regulators. The company is defending itself against these claims and has entered into settlement agreements with several states to resolve opioid-related claims.",0.17,0.0,3.7
C5_query_expansion,74,CVS Health,CVSHEALTH_2022_10K,domain-relevant,Has CVS Health paid dividends to common shareholders in Q2 of FY2022?,"Yes, CVS paid a $ 0.55 dividend per share every quarter in FY2022","Yes, CVS Health paid dividends to common shareholders in Q2 of FY2022. The quarterly cash dividend during 2022 was $0.55 per share.",0.3889,0.0,2.05
C5_query_expansion,75,Foot Locker,FOOTLOCKER_2022_8K_dated_2022-08-19,novel-generated,Does Foot Locker's new CEO have previous CEO experience in a similar company to Footlocker?,Yes. She was previous CEO of Ulta Beauty which means she had to manage a large retail company that has brick and mortar + online business. So yes she was a CEO in a similar company to Foot Locker before this.,"Yes, Foot Locker's new CEO, Mary N. Dillon, has previous CEO experience at Ulta Beauty, a company in the retail sector, similar to Foot Locker.",0.3636,0.0,6.56
C5_query_expansion,76,Foot Locker,FOOTLOCKER_2022_8K_dated-2022-05-20,novel-generated,Were there any board member nominees who had substantially more votes against joining than the other nominees?,"Yes, his name is Richard A. Johnson","Yes, Richard A. Johnson had substantially more votes against his nomination, with 16,105,005 votes against, compared to the other nominees who had significantly fewer votes against them.",0.2222,0.0,2.95
C5_query_expansion,77,General Mills,GENERALMILLS_2019_10K,metrics-generated,What is the FY2019 cash conversion cycle (CCC) for General Mills? CCC is defined as: DIO + DSO - DPO. DIO is defined as: 365 * (average inventory between FY2018 and FY2019) / (FY2019 COGS). DSO is defined as: 365 * (average accounts receivable between FY2018 and FY2019) / (FY2019 Revenue). DPO is defined as: 365 * (average accounts payable between FY2018 and FY2019) / (FY2019 COGS + change in inventory between FY2018 and FY2019). Round your answer to two decimal places. Address the question by using the line items and information shown within the income statement and the balance sheet.,-3.7,"To calculate the cash conversion cycle (CCC) for General Mills for FY2019, we need to determine the Days Inventory Outstanding (DIO), Days Sales Outstanding (DSO), and Days Payable Outstanding (DPO) using the provided formulas.

1. **Days Inventory Outstanding (DIO):**
   - Average Inventory = (FY2018 Inventory + FY2019 Inventory) / 2
   - Average Inventory = (1,642.2 + 1,559.3) / 2 = 1,600.75 million
   - FY2019 COGS = FY2019 Revenue - FY2019 Gross Margin = 16,865.2 - 5,756.8 = 11,108.4 million
   - DIO = 365 * (1,600.75 / 11,108.4) = 52.63 days

2. **Days Sales Outstanding (DSO):**
   - Average Receivables = (FY2018 Receivables + FY2019 Receivables) / 2
   - Average Receivables = (1,684.2 + 1,679.7) / 2 = 1,681.95 million
   - DSO = 365 * (1,681.95 / 16,865.2) = 36.43 days

3. **Days Payable Outstanding (DPO):**
   - Average Payables = (FY2018 Payables + FY2019 Payables) / 2
   - Average Payables = (2,746.2 + 2,854.1) / 2 = 2,800.15 million
   - Change in Inventory = FY2019 Inventory - FY2018 Inventory = 1,559.3 - 1,642.2 = -82.9 million
   - Adjusted COGS = FY2019 COGS + Change in Inventory = 11,108.4 - 82.9 = 11,025.5 million
   - DPO = 365 * (2,800.15 / 11,025.5) = 92.66 days

Finally, calculate the CCC:
- CCC = DIO + DSO - DPO = 52.63 + 36.43 - 92.66 = -3.60 days

The FY2019 cash conversion cycle (CCC) for General Mills is -3.60 days.",0.0179,0.0,23.7
C5_query_expansion,78,General Mills,GENERALMILLS_2020_10K,metrics-generated,"By drawing conclusions from the information stated only in the statement of financial position, what is General Mills's FY2020 working capital ratio? Define working capital ratio as total current assets divided by total current liabilities. Round your answer to two decimal places.",0.68,"The working capital ratio for General Mills in FY2020 is calculated as total current assets divided by total current liabilities. 

Total current assets for FY2020 = $5,121.3 million  
Total current liabilities for FY2020 = $7,491.5 million  

Working capital ratio = Total current assets / Total current liabilities  
Working capital ratio = $5,121.3 million / $7,491.5 million ≈ 0.68  

Therefore, the working capital ratio for General Mills in FY2020 is approximately 0.68.",0.0526,1.0,22.26
C5_query_expansion,79,General Mills,GENERALMILLS_2020_10K,metrics-generated,"According to the information provided in the statement of cash flows, what is the FY2020 free cash flow (FCF) for General Mills? FCF here is defined as: (cash from operations - capex). Answer in USD millions.",$3215.00,"The FY2020 free cash flow (FCF) for General Mills is $3,215.4 million. This is calculated as cash from operations ($3,676.2 million) minus capital expenditures (capex) ($460.8 million).",0.0,0.0,2.48
C5_query_expansion,80,General Mills,GENERALMILLS_2022_10K,metrics-generated,We want to calculate a financial metric. Please help us compute it by basing your answers off of the cash flow statement and the income statement. Here's the question: what is the FY2022 retention ratio (using total cash dividends paid and net income attributable to shareholders) for General Mills? Round answer to two decimal places.,0.54,"The retention ratio is calculated as the portion of net income that is retained in the company rather than paid out as dividends. It can be calculated using the formula:

\[ \text{Retention Ratio} = 1 - \left(\frac{\text{Dividends Paid}}{\text{Net Income}}\right) \]

From the provided data:
- Total cash dividends paid in FY2022 = $1,244.5 million
- Net earnings attributable to General Mills (Net Income) in FY2022 = $2,707.3 million

Plugging these values into the formula:

\[ \text{Retention Ratio} = 1 - \left(\frac{1,244.5}{2,707.3}\right) \]

\[ \text{Retention Ratio} = 1 - 0.4595 \]

\[ \text{Retention Ratio} = 0.5405 \]

Rounded to two decimal places, the retention ratio for FY2022 is 0.54.",0.0345,1.0,31.2
C5_query_expansion,81,JPMorgan,JPMORGAN_2021Q1_10Q,novel-generated,Which of JPM's business segments had the lowest net revenue in 2021 Q1?,Corporate. Its net revenue was -$473 million.,"The Commercial Banking segment had the lowest net revenue in 2021 Q1, with a total net revenue of $2.4 billion.",0.1429,0.0,22.02
C5_query_expansion,82,JPMorgan,JPMORGAN_2021Q1_10Q,novel-generated,"If JPM went bankrupted by the end by 2021 Q1 and liquidated all of its assets to pay its shareholders, how much could each shareholder get?",They could receive $66.56 per share.,"If JPMorgan Chase were to liquidate all of its assets to pay its shareholders at the end of Q1 2021, the amount each shareholder could receive would depend on the total common stockholders' equity and the number of outstanding shares. As of March 31, 2021, the total common stockholders' equity was $249.2 billion. To determine how much each shareholder could receive, you would need to divide this equity by the total number of outstanding shares. However, the exact number of outstanding shares is not provided in the context, so the precise amount per shareholder cannot be calculated without that information.",0.0556,0.0,4.6
C5_query_expansion,83,JPMorgan,JPMORGAN_2022_10K,domain-relevant,"Are JPM's gross margins historically consistent (not fluctuating more than roughly 2% each year)? If gross margins are not a relevant metric for a company like this, then please state that and explain why.","Since JPM is a financial institution, gross margin is not a relevant metric.","Gross margins are not a relevant metric for a company like JPMorgan Chase, which is a financial services firm. Instead, financial institutions like JPMorgan Chase focus on metrics such as net interest income, noninterest revenue, return on equity, and efficiency ratios. These metrics are more indicative of a bank's performance and profitability, as they reflect the firm's ability to manage interest rate spreads, fee-based income, and operational efficiency. Gross margins are typically used in industries where the cost of goods sold is a significant factor, which is not the case for financial institutions.",0.1468,0.0,45.23
C5_query_expansion,84,JPMorgan,JPMORGAN_2022Q2_10Q,novel-generated,"In 2022 Q2, which of JPM's business segments had the highest net income?",Corporate & Investment Bank. Its net income was $3725 million.,"In 2022 Q2, JPMorgan Chase's Corporate & Investment Bank segment had the highest net income.",0.4167,0.0,25.65
C5_query_expansion,85,JPMorgan,JPMORGAN_2023Q2_10Q,novel-generated,"Looking at VaR, did the risk that JPM faced in the second fiscal quarter of 2023 decrease compared to the same period in the prior year?",Yes. It decreased.,"Yes, the average total VaR decreased by $7 million for the three months ended June 30, 2023, compared to the same period in the prior year.",0.1379,0.0,25.3
C5_query_expansion,86,Kraft Heinz,KRAFTHEINZ_2019_10K,metrics-generated,What is Kraft Heinz's FY2019 inventory turnover ratio? Inventory turnover ratio is defined as: (FY2019 COGS) / (average inventory between FY2018 and FY2019). Round your answer to two decimal places. Please base your judgments on the information provided primarily in the balance sheet and the P&L statement.,6.25,ERROR: Stream has ended unexpectedly,0.0,0.0,0.0
C5_query_expansion,87,Lockheed Martin,LOCKHEEDMARTIN_2020_10K,metrics-generated,"We need to calculate a reasonable approximation (or exact number if possible) of a financial metric. Basing your judgment by information plainly provided in the balance sheet and the P&L statement, what is Lockheed Martin's FY2020 asset turnover ratio? Asset turnover ratio is defined as: FY2020 revenue / (average total assets between FY2019 and FY2020). Round your answer to two decimal places.",1.33,"To calculate the asset turnover ratio for Lockheed Martin for FY2020, we use the formula:

\[ \text{Asset Turnover Ratio} = \frac{\text{FY2020 Revenue}}{\text{Average Total Assets}} \]

Where:
- FY2020 Revenue (Total Net Sales) = $65,398 million
- Total Assets at the end of 2019 = $47,528 million
- Total Assets at the end of 2020 = $50,710 million

First, calculate the average total assets:

\[ \text{Average Total Assets} = \frac{\text{Total Assets at the end of 2019} + \text{Total Assets at the end of 2020}}{2} \]

\[ \text{Average Total Assets} = \frac{47,528 + 50,710}{2} = 49,119 \text{ million} \]

Now, calculate the asset turnover ratio:

\[ \text{Asset Turnover Ratio} = \frac{65,398}{49,119} \approx 1.33 \]

Therefore, Lockheed Martin's FY2020 asset turnover ratio is approximately 1.33.",0.0308,1.0,28.0
C5_query_expansion,88,Lockheed Martin,LOCKHEEDMARTIN_2021_10K,metrics-generated,What is Lockheed Martin's FY2021 net working capital? Define net working capital as total current assets less total current liabilities. Answer in USD millions. Respond to the question by assuming the perspective of an investment analyst who can only use the details shown within the balance sheet.,$5818.00,"Lockheed Martin's FY2021 net working capital is calculated as total current assets minus total current liabilities. Based on the balance sheet:

Total current assets (2021) = $19,815 million  
Total current liabilities (2021) = $13,997 million  

Net working capital = $19,815 million - $13,997 million = $5,818 million.",0.0,0.0,24.88
C5_query_expansion,89,Lockheed Martin,LOCKHEEDMARTIN_2022_10K,metrics-generated,What is Lockheed Martin's 2 year total revenue CAGR from FY2020 to FY2022 (in units of percents and round to one decimal place)? Provide a response to the question by primarily using the statement of income.,0.4%,"To calculate the 2-year total revenue Compound Annual Growth Rate (CAGR) from FY2020 to FY2022 for Lockheed Martin, we use the formula:

\[ \text{CAGR} = \left( \frac{\text{Ending Value}}{\text{Beginning Value}} \right)^{\frac{1}{n}} - 1 \]

where:
- Ending Value = Total net sales in 2022 = $65,984 million
- Beginning Value = Total net sales in 2020 = $65,398 million
- \( n \) = number of years = 2

Plugging in the values:

\[ \text{CAGR} = \left( \frac{65,984}{65,398} \right)^{\frac{1}{2}} - 1 \]

\[ \text{CAGR} = (1.00896)^{0.5} - 1 \]

\[ \text{CAGR} \approx 1.00447 - 1 \]

\[ \text{CAGR} \approx 0.00447 \]

Converting to percentage:

\[ \text{CAGR} \approx 0.447\% \]

Rounded to one decimal place, the 2-year total revenue CAGR from FY2020 to FY2022 is approximately 0.4%.",0.0312,1.0,18.93
C5_query_expansion,90,MGM Resorts,MGMRESORTS_2018_10K,metrics-generated,"Basing your judgments off of the balance sheet, what is the year end FY2018 amount of accounts payable for MGM Resorts? Answer in USD millions.",$303.00,The year-end FY2018 amount of accounts payable for MGM Resorts is $302.578 million.,0.0,0.0,23.14
C5_query_expansion,91,MGM Resorts,MGMRESORTS_2020_10K,metrics-generated,What is the FY2018 - FY2020 3 year average of capex as a % of revenue for MGM Resorts? Answer in units of percents and round to one decimal place. Please utilize information provided primarily within the statement of cash flows and the statement of income.,7.9%,"To calculate the 3-year average of capital expenditures (capex) as a percentage of revenue for MGM Resorts from FY2018 to FY2020, we need to determine the capex and revenue for each year and then compute the average percentage.

From the context provided, the total capital expenditures for each year are:
- FY2018: $1,486,843,000
- FY2019: $739,006,000
- FY2020: $270,579,000

The revenue for each year can be derived from the net income and other financial data, but since the revenue figures are not directly provided in the context, we will assume that the net income and other adjustments can give us an approximate revenue figure. However, since the exact revenue figures are not provided, we cannot accurately calculate the capex as a percentage of revenue without making assumptions or having additional data.

If we had the revenue figures, the formula to calculate capex as a percentage of revenue for each year would be:

\[ \text{Capex as a percentage of revenue} = \left( \frac{\text{Capex}}{\text{Revenue}} \right) \times 100 \]

Then, the 3-year average would be the average of these percentages over the three years.

Without the exact revenue figures, we cannot provide a precise answer. If you have access to the revenue data, you can apply the formula above to calculate the percentages for each year and then average them.",0.0,0.0,25.55
C5_query_expansion,92,MGM Resorts,MGMRESORTS_2022_10K,domain-relevant,Has MGM Resorts paid dividends to common shareholders in FY2022?,Yes. MGM maintained 0.01$ per share annual dividend through out FY 2022.,"No, MGM Resorts did not pay dividends to common shareholders in FY2022.",0.16,0.0,29.27
C5_query_expansion,93,MGM Resorts,MGMRESORTS_2023Q2_10Q,novel-generated,Which type of debt received the largest investment among the short term investments for MGM in H1 FY2023?,the biggest short term investment is in corporate bonds (almost 82% of the total investment),"Corporate bonds received the largest investment among the short-term investments for MGM in H1 FY2023, with an investment of $416,420,000.",0.3158,0.0,9.74
C5_query_expansion,94,Microsoft,MICROSOFT_2016_10K,metrics-generated,What is the FY2016 COGS for Microsoft? Please state answer in USD millions. Provide a response to the question by primarily using the statement of income.,$32780.00,"The FY2016 cost of goods sold (COGS) for Microsoft is not explicitly stated in the provided context. However, the context mentions that the cost of revenue increased by $5.1 billion or 28% in a particular segment, but it does not provide the total COGS for FY2016. To find the exact COGS, one would need to refer to Microsoft's full financial statements or income statement for FY2016.",0.0,0.0,12.82
C5_query_expansion,95,Microsoft,MICROSOFT_2023_10K,domain-relevant,Has Microsoft increased its debt on balance sheet between FY2023 and the FY2022 period?,No. Microsoft decreased its debt by $2.5bn in FY 2023 vs FY 2022.,"Yes, Microsoft's total debt increased from $47,237 million in FY2022 to $49,781 million in FY2023.",0.1875,0.0,23.01
C5_query_expansion,96,Netflix,NETFLIX_2015_10K,metrics-generated,We want to calculate a financial metric. Please help us compute it by basing your answers off of the statement of income and the statement of cash flows. Here's the question: what is the FY2015 unadjusted EBITDA % margin for Netflix? Calculate unadjusted EBITDA using unadjusted operating income and D&A (from cash flow statement).,5.4%,"To calculate the FY2015 unadjusted EBITDA % margin for Netflix, we need to determine the unadjusted EBITDA and then express it as a percentage of revenues.

1. **Unadjusted EBITDA Calculation:**
   - **Operating Income (2015):** $305,826 thousand
   - **Depreciation and Amortization (D&A) (2015):** This includes:
     - Amortization of streaming content assets: $3,405,382 thousand
     - Amortization of DVD content assets: $79,380 thousand
     - Depreciation and amortization of property, equipment, and intangibles: $62,283 thousand
   - **Total D&A (2015):** $3,405,382 + $79,380 + $62,283 = $3,547,045 thousand

   - **Unadjusted EBITDA (2015):** Operating Income + D&A
     - $305,826 + $3,547,045 = $3,852,871 thousand

2. **EBITDA % Margin Calculation:**
   - **Revenues (2015):** $6,779,511 thousand
   - **EBITDA % Margin:** (Unadjusted EBITDA / Revenues) * 100
     - ($3,852,871 / $6,779,511) * 100 ≈ 56.83%

Therefore, the FY2015 unadjusted EBITDA % margin for Netflix is approximately 56.83%.",0.0,0.0,11.98
C5_query_expansion,97,Netflix,NETFLIX_2017_10K,metrics-generated,What is Netflix's year end FY2017 total current liabilities (in USD millions)? Base your judgments on the information provided primarily in the balance sheet.,$5466.00,"Netflix's total current liabilities as of December 31, 2017, were $5,466,312,000, which is approximately $5,466 million.",0.0,0.0,9.55
C5_query_expansion,98,Nike,NIKE_2018_10K,metrics-generated,"We need to calculate a reasonable approximation (or exact number if possible) of a financial metric. Basing your judgment by information plainly provided in the statement of income, what is Nike's three year average of cost of goods sold as a % of revenue from FY2016 to FY2018? Answer in units of percents and round to one decimal place.",55.1%,"To calculate the three-year average of cost of goods sold (COGS) as a percentage of revenue for Nike from FY2016 to FY2018, we need to determine the COGS for each year and then calculate the percentage of revenue it represents. However, the provided context does not explicitly state the COGS figures. Instead, we can use the gross margin information to infer COGS, as gross margin is calculated as (Revenue - COGS) / Revenue.

Given that the gross margin has ranged from 43.5% to 46.4% over the past ten years, we can use an average gross margin to estimate COGS. Let's assume an average gross margin of 45% for simplicity.

1. Calculate COGS as a percentage of revenue:
   - COGS = Revenue - (Gross Margin * Revenue)
   - COGS as a percentage of revenue = 100% - Gross Margin

Using an average gross margin of 45%:
- COGS as a percentage of revenue = 100% - 45% = 55%

Therefore, the three-year average of COGS as a percentage of revenue from FY2016 to FY2018 is approximately 55.0%.",0.0117,0.0,16.83
C5_query_expansion,99,Nike,NIKE_2019_10K,metrics-generated,"According to the details clearly outlined within the balance sheet, how much total current assets did Nike have at the end of FY2019? Answer in USD millions.",$16525.00,"Nike had total current assets of $16,525 million at the end of FY2019.",0.0,0.0,12.42
C5_query_expansion,100,Nike,NIKE_2021_10K,metrics-generated,"When primarily referencing the income statement and the statement of financial position, what is the FY2021 inventory turnover ratio for Nike? Inventory turnover ratio is defined as: (FY2021 COGS) / (average inventory between FY2020 and FY2021). Round your answer to two decimal places.",3.46,"To calculate the inventory turnover ratio for FY2021, we need the Cost of Goods Sold (COGS) for FY2021 and the average inventory between FY2020 and FY2021. However, the provided context does not include specific figures for COGS or inventory levels. Typically, these figures would be found in the financial statements section of the annual report, specifically the income statement for COGS and the balance sheet for inventory levels.

Assuming you have access to these figures, the formula for the inventory turnover ratio is:

\[ \text{Inventory Turnover Ratio} = \frac{\text{COGS for FY2021}}{\text{Average Inventory}} \]

Where:
- Average Inventory = (Inventory at the end of FY2020 + Inventory at the end of FY2021) / 2

Without the specific COGS and inventory figures, I cannot calculate the exact inventory turnover ratio. If you can provide these numbers, I can help you with the calculation.",0.0,0.0,16.97
C5_query_expansion,101,Nike,NIKE_2023_10K,domain-relevant,"Among operations, investing, and financing activities, which brought in the most (or lost the least) cash flow for Nike in FY2023?","Among the three, cash flow from operations was the highest for Nike in FY2023.",Operations brought in the most cash flow for Nike in FY2023.,0.56,0.0,10.4
C5_query_expansion,102,Paypal,PAYPAL_2022_10K,domain-relevant,"Does Paypal have positive working capital based on FY2022 data? If working capital is not a useful or relevant metric for this company, then please state that and explain why.",Yes. Paypal has a positive working capital of $ 1.6Bn as of FY2022 end.,"Working capital is calculated as current assets minus current liabilities. However, for a company like PayPal, which operates in the financial services and digital payments industry, traditional working capital analysis may not be as relevant. This is because PayPal's business model involves managing significant amounts of customer funds and accounts, which can skew the traditional working capital metrics.

In PayPal's case, the funds receivable and customer accounts are significant components of its current assets, and these are not typical working capital items for most companies. Additionally, PayPal's liabilities may include customer account balances, which are not traditional liabilities in the sense of trade payables or short-term debt.

Therefore, while PayPal may have positive working capital when calculated traditionally, this metric does not provide meaningful insight into the company's liquidity or operational efficiency due to the nature of its business model. Instead, other financial metrics and analyses, such as cash flow from operations and the management of customer funds, are more relevant for assessing PayPal's financial health.",0.0753,0.0,26.31
C5_query_expansion,103,PepsiCo,PEPSICO_2021_10K,metrics-generated,What is the FY2021 capital expenditure amount (in USD billions) for PepsiCo? Respond to the question by assuming the perspective of an investment analyst who can only use the details shown within the statement of cash flows.,$4.60,The FY2021 capital expenditure amount for PepsiCo is $4.625 billion.,0.1538,0.0,26.35
C5_query_expansion,104,PepsiCo,PEPSICO_2022_10K,domain-relevant,What are the geographies that Pepsico primarily operates in as of FY2022?,"As of FY2022, Pepsico primarily operates in the following geographies: North America, Latin America, Europe, Africa, Middle East, South Asia, Asia Pacific, Australia, New Zealand and China.","As of FY2022, PepsiCo primarily operates in the United States, Mexico, Russia, Canada, China, the United Kingdom, and South Africa.",0.383,0.0,28.14
C5_query_expansion,105,PepsiCo,PEPSICO_2022_10K,domain-relevant,Has Pepsico reported any materially important ongoing legal battles from FY2022 and FY2021?,"No, Pepsico is not involved in material legal battles.","The provided context does not mention any specific ongoing legal battles from FY2022 and FY2021 that are materially important to PepsiCo. The section titled ""Item 3. Legal Proceedings"" is listed in the table of contents, but no details are provided in the excerpt. Therefore, based on the given information, there is no mention of any materially important ongoing legal battles for those fiscal years.",0.1644,0.0,3.74
C5_query_expansion,106,PepsiCo,PEPSICO_2022_10K,domain-relevant,What is the quantity of restructuring costs directly outlined in Pepsico's income statements for FY2022? If restructuring costs are not explicitly outlined then state 0.,Pepsico's restructuring costs in FY2022 amounted to $411 million .,0,0.0,0.0,2.16
C5_query_expansion,107,PepsiCo,PEPSICO_2022_10K,metrics-generated,What is the FY2022 unadjusted EBITDA less capex for PepsiCo? Define unadjusted EBITDA as unadjusted operating income + depreciation and amortization [from cash flow statement]. Answer in USD millions. Respond to the question by assuming the perspective of an investment analyst who can only use the details shown within the statement of cash flows and the income statement.,$9068.00,"To calculate the FY2022 unadjusted EBITDA less capex for PepsiCo, we need to follow these steps:

1. **Unadjusted Operating Income (Operating Profit):**  
   From the Consolidated Statement of Income, the operating profit for 2022 is $11,512 million.

2. **Depreciation and Amortization:**  
   From the Consolidated Statement of Cash Flows, the depreciation and amortization for 2022 is $2,763 million.

3. **Unadjusted EBITDA:**  
   Unadjusted EBITDA = Operating Profit + Depreciation and Amortization  
   = $11,512 million + $2,763 million  
   = $14,275 million

4. **Capital Expenditures (Capex):**  
   From the Consolidated Statement of Cash Flows, the capital spending for 2022 is $5,207 million.

5. **Unadjusted EBITDA less Capex:**  
   = Unadjusted EBITDA - Capex  
   = $14,275 million - $5,207 million  
   = $9,068 million

Therefore, the FY2022 unadjusted EBITDA less capex for PepsiCo is $9,068 million.",0.0,0.0,5.12
C5_query_expansion,108,PepsiCo,PEPSICO_2022_10K,metrics-generated,What is the FY2022 unadjusted EBITDA % margin for PepsiCo? Calculate unadjusted EBITDA using unadjusted operating income and D&A (from cash flow statement). Give a response to the question by relying on the details shown in the statement of cash flows and the P&L statement.,16.5%,"To calculate the FY2022 unadjusted EBITDA % margin for PepsiCo, we need to determine the unadjusted EBITDA and then express it as a percentage of total revenue.

1. **Unadjusted Operating Income**: This is typically found in the Consolidated Statements of Income. However, the specific operating income figure is not provided in the context. For the purpose of this calculation, let's assume you have access to this figure from the financial statements.

2. **Depreciation and Amortization (D&A)**: This is found in the Consolidated Statement of Cash Flows. Again, the specific D&A figure is not provided in the context. You would need to refer to the cash flow statement to find this amount.

3. **Total Revenue**: This is also found in the Consolidated Statements of Income. The specific revenue figure is not provided in the context, but you would need this to calculate the EBITDA margin.

**Formula for Unadjusted EBITDA**:
\[ \text{Unadjusted EBITDA} = \text{Operating Income} + \text{Depreciation and Amortization} \]

**Formula for Unadjusted EBITDA % Margin**:
\[ \text{Unadjusted EBITDA % Margin} = \left( \frac{\text{Unadjusted EBITDA}}{\text{Total Revenue}} \right) \times 100 \]

Since the specific figures for operating income, D&A, and total revenue are not provided in the context, you would need to extract these from PepsiCo's financial statements to perform the calculation. Once you have these figures, you can plug them into the formulas above to find the unadjusted EBITDA % margin.",0.0,0.0,5.05
C5_query_expansion,109,PepsiCo,PEPSICO_2023_8K_dated-2023-05-05,novel-generated,"At the Pepsico AGM held on May 3, 2023, what was the outcome of the shareholder vote on the shareholder proposal for a congruency report by Pepsico on net-zero emissions policies?",The shareholder proposal for a congruency report by Pepsico on net-zero emissions policies was defeated.,The shareholder proposal for a congruency report on net-zero emissions policies was defeated.,0.9333,0.0,3.64
C5_query_expansion,110,PepsiCo,PEPSICO_2023_8K_dated-2023-05-30,novel-generated,"By how much did Pepsico increase its unsecured five year revolving credit agreement on May 26, 2023?","$400,000,000 increase.","PepsiCo increased its unsecured five year revolving credit agreement by $400,000,000 on May 26, 2023, from $3,800,000,000 to $4,200,000,000.",0.1935,0.0,25.96
C5_query_expansion,111,PepsiCo,PEPSICO_2023_8K_dated-2023-05-30,novel-generated,"As of May 26, 2023, what is the total amount Pepsico may borrow under its unsecured revolving credit agreements?","Total amount Pepsico may borrow under unsecured revolving credit agreements = $8,400,000,000.","As of May 26, 2023, PepsiCo may borrow a total of $8,400,000,000 under its unsecured revolving credit agreements, which includes $4,200,000,000 from the 364-day credit agreement and $4,200,000,000 from the five-year credit agreement.",0.3448,0.0,2.28
C5_query_expansion,112,PepsiCo,PEPSICO_2023Q1_EARNINGS,novel-generated,"As of FY2023Q1, why did Pepsico raise full year guidance for FY2023?",Pepsico experienced a strong start to FY2023.,ERROR: Stream has ended unexpectedly,0.0,0.0,0.0
C5_query_expansion,113,PepsiCo,PEPSICO_2023Q1_EARNINGS,novel-generated,"As of FY2023Q1, by how many percentage points did Pepsico raise full year guidance in respect of core constant currency EPS growth?",Pepsico raised full year guidance in respect of core constant currency EPS growth by 1 percentage point.,ERROR: Stream has ended unexpectedly,0.0,0.0,0.0
C5_query_expansion,114,Pfizer,PFIZER_2021_10K,novel-generated,Did Pfizer grow its PPNE between FY20 and FY21?,"Yes, change in PPNE was positive year over year","Yes, Pfizer's Property, Plant, and Equipment (PPNE) grew between FY20 and FY21.",0.1818,0.0,18.88
C5_query_expansion,115,Pfizer,PFIZER_2021_10K,novel-generated,Were there any potential events that are not in Pfizer's standard business operations that substantially increased net income in 2019?,"Yes, the gain on completion of Consumer Healthcare JV Transaction","Yes, in 2019, Pfizer's net income was substantially increased by a gain of $8.3 billion from the completion of the Consumer Healthcare JV transaction. This gain was not part of Pfizer's standard business operations.",0.3404,0.0,2.8
C5_query_expansion,116,Pfizer,PFIZER_2021_10K,novel-generated,What are three main companies acquired by Pfizer mentioned in this 10K report?,"Trillium, Array, and Therachon","The three main companies acquired by Pfizer mentioned in this 10K report are Arena, Medivation, and King Pharmaceuticals.",0.0909,0.0,2.98
C5_query_expansion,117,Pfizer,Pfizer_2023Q2_10Q,novel-generated,How much does Pfizer expect to pay to spin off Upjohn in the future in USD million?,77.78,The provided context does not specify the amount Pfizer expects to pay to spin off Upjohn.,0.0,0.0,13.83
C5_query_expansion,118,Pfizer,Pfizer_2023Q2_10Q,novel-generated,"For Pfizer, which geographic region had the biggest drop in Q22023 year over year revenues (on a percentage basis)?",Developed Rest of the World,"The ""Developed Rest of World"" region had the biggest drop in Q2 2023 year-over-year revenues, with a decline of 74%.",0.2963,0.0,3.96
C5_query_expansion,119,Pfizer,Pfizer_2023Q2_10Q,novel-generated,"As of Q2'2023, is Pfizer spinning off any large business segments?","Yes, it's spinning off Upjohn.","As of Q2 2023, Pfizer is not spinning off any large business segments. However, they are reorganizing their R&D operations, particularly in oncology, and have entered into an agreement to divest their early-stage rare disease gene therapy portfolio to Alexion.",0.0833,0.0,2.29
C5_query_expansion,120,Ulta Beauty,ULTABEAUTY_2023_10K,domain-relevant,Which debt securities are registered to trade on a national securities exchange under Ulta Beauty's name as of FY2023?,There are none,The document does not provide specific information about any debt securities registered to trade on a national securities exchange under Ulta Beauty's name as of FY2023.,0.0,0.0,15.63
C5_query_expansion,121,Ulta Beauty,ULTABEAUTY_2023_10K,domain-relevant,What are major acquisitions that Ulta Beauty has done in FY2023 and FY2022?,Ulta Beauty did not make any acquisitions in FY2023 and FY2022.,The provided context does not mention any major acquisitions by Ulta Beauty in FY2023 or FY2022.,0.4444,0.0,2.91
C5_query_expansion,122,Ulta Beauty,ULTABEAUTY_2023Q4_EARNINGS,novel-generated,What drove the reduction in SG&A expense as a percent of net sales in FY2023?,"Lower marketing expenses and leverage of incentive compensation due to higher sales. The answer here assumes FY2023 refers to the 12 months ended on January 28, 2023 (although the company refers to this period as its fiscal 2022.",The reduction in SG&A expense as a percent of net sales in FY2023 was primarily due to the leverage of marketing expenses and incentive compensation resulting from higher sales.,0.2059,0.0,4.57
C5_query_expansion,123,Ulta Beauty,ULTABEAUTY_2023Q4_EARNINGS,novel-generated,What drove the increase in Ulta Beauty's merchandise inventories balance at end of FY2023?,"Increase in Merchandise inventories balance was driven by the opening of 47 new stores. The answer here assumes FY2023 refers to the 12 months ended on January 28, 2023 (although the company refers to this period as its fiscal 2022.","The increase in Ulta Beauty's merchandise inventories balance at the end of FY2023 was primarily driven by the favorable impact from the continued resilience of the beauty category, retail price increases, the impact of new brands and product innovation, increased social occasions, and fewer COVID-19 limitations compared to fiscal 2021.",0.3043,0.0,3.38
C5_query_expansion,124,Ulta Beauty,ULTABEAUTY_2023Q4_EARNINGS,novel-generated,What percent of Ulta Beauty's total spend on stock repurchases for FY 2023 occurred in Q4 of FY2023?,"36%. The answer here assumes FY2023 refers to the 12 months ended on January 28, 2023 (although the company refers to this period as its fiscal 2022.","In fiscal year 2022, Ulta Beauty spent a total of $900.0 million on stock repurchases. During the fourth quarter of fiscal 2022, the company repurchased shares at a cost of $328.1 million. To find the percentage of the total annual stock repurchase spend that occurred in the fourth quarter, you can use the following calculation:

\[
\text{Percentage} = \left( \frac{\text{Q4 Repurchase}}{\text{Total FY Repurchase}} \right) \times 100
\]

\[
\text{Percentage} = \left( \frac{328.1}{900.0} \right) \times 100 \approx 36.46\%
\]

Therefore, approximately 36.46% of Ulta Beauty's total spend on stock repurchases for fiscal year 2022 occurred in the fourth quarter.",0.0896,0.0,5.58
C5_query_expansion,125,Ulta Beauty,ULTABEAUTY_2023Q4_EARNINGS,novel-generated,Did Ulta Beauty's wages expense as a percent of net sales increase or decrease in FY2023?,"Wages expense as a percent of net sales increased in FY2023. The answer here assumes FY2023 refers to the 12 months ended on January 28, 2023 (although the company refers to this period as its fiscal 2022.",Ulta Beauty's wages expense as a percent of net sales decreased in FY2023.,0.3922,0.0,2.12
C5_query_expansion,126,Verizon,VERIZON_2021_10K,novel-generated,"Among all of the derivative instruments that Verizon used to manage the exposure to fluctuations of foreign currencies exchange rates or interest rates, which one had the highest notional value in FY 2021?","Cross currency swaps. Its notional value was $32,502 million.","Cross currency swaps had the highest notional value in FY 2021, with a total notional amount of $32.5 billion.",0.4,0.0,10.72
C5_query_expansion,127,Verizon,VERIZON_2021_10K,novel-generated,"As of FY 2021, how much did Verizon expect to pay for its retirees in 2024?","The estimated pension benefits were $1097 million, and the estimated health care and life insurance benefits were $862 million.","Verizon did not expect to have any required pension funding through 2031, subject to changes in market conditions. Therefore, as of FY 2021, Verizon did not expect to pay any required pension funding for its retirees in 2024.",0.0351,0.0,3.06
C5_query_expansion,128,Verizon,VERIZON_2022_10K,domain-relevant,"Does Verizon have a reasonably healthy liquidity profile based on its quick ratio for FY 2022? If the quick ratio is not relevant to measure liquidity, please state that and explain why.",No. The quick ratio was approximately 0.54 for Verizon. It indicated that Verizon does not have a healthy liquidity profile.,"The quick ratio is a measure of a company's short-term liquidity, calculated as (Current Assets - Inventories) / Current Liabilities. For Verizon in FY 2022:

- Current Assets = $37,857 million
- Inventories = $2,388 million
- Current Liabilities = $50,171 million

Quick Ratio = (37,857 - 2,388) / 50,171 = 35,469 / 50,171 ≈ 0.71

A quick ratio of 0.71 indicates that Verizon does not have enough liquid assets to cover its current liabilities without relying on the sale of inventories. Generally, a quick ratio of 1 or higher is considered healthy, suggesting that Verizon's liquidity profile based on the quick ratio is not particularly strong. However, it's important to consider other factors such as cash flow from operations and access to credit facilities when assessing overall liquidity.",0.2,0.0,12.94
C5_query_expansion,129,Verizon,VERIZON_2022_10K,domain-relevant,Is Verizon a capital intensive business based on FY 2022 data?,"Yes. Verizon's capital intensity ratio was approximately 2.774729. This means that it took approximately $2.77 of assets to generate $1 of revenue and thus, Verizon can be considered capital intensive.","Yes, Verizon is a capital-intensive business based on FY 2022 data. This is evidenced by its significant capital expenditures of $23.1 billion, which were primarily directed towards expanding and modernizing its networks, including the deployment of 5G technology and C-Band spectrum.",0.2338,0.0,3.53
C5_query_expansion,130,Verizon,VERIZON_2022_10K,domain-relevant,Has Verizon increased its debt on balance sheet between 2022 and the 2021 fiscal period?,No. Verizon's debt decreased by $229 million.,"No, Verizon's total debt decreased slightly from $150.9 billion at the end of 2021 to $150.6 billion at the end of 2022.",0.303,0.0,3.51
C5_query_expansion,131,Walmart,WALMART_2018_10K,metrics-generated,What is FY2018 days payable outstanding (DPO) for Walmart? DPO is defined as: 365 * (average accounts payable between FY2017 and FY2018) / (FY2018 COGS + change in inventory between FY2017 and FY2018). Round your answer to two decimal places. Please base your judgments on the information provided primarily in the statement of financial position and the P&L statement.,42.69,"To calculate the Days Payable Outstanding (DPO) for FY2018, we need to use the formula:

\[ \text{DPO} = \frac{365 \times \text{Average Accounts Payable}}{\text{COGS} + \text{Change in Inventory}} \]

1. **Average Accounts Payable:**
   - Accounts Payable FY2018 = $46,092 million
   - Accounts Payable FY2017 = $41,433 million
   - Average Accounts Payable = \(\frac{46,092 + 41,433}{2} = 43,762.5\) million

2. **Cost of Goods Sold (COGS) for FY2018:**
   - COGS FY2018 = $373,396 million

3. **Change in Inventory:**
   - Inventory FY2018 = $43,783 million
   - Inventory FY2017 = $43,046 million
   - Change in Inventory = $43,783 - $43,046 = $737 million

Now, plug these values into the DPO formula:

\[ \text{DPO} = \frac{365 \times 43,762.5}{373,396 + 737} \]

\[ \text{DPO} = \frac{365 \times 43,762.5}{374,133} \]

\[ \text{DPO} = \frac{15,975,312.5}{374,133} \]

\[ \text{DPO} \approx 42.70 \]

Therefore, the Days Payable Outstanding (DPO) for Walmart in FY2018 is approximately 42.70 days.",0.0129,0.0,27.14
C5_query_expansion,132,Walmart,WALMART_2019_10K,metrics-generated,"Based on the information provided primarily in the statement of income, what is the FY2018 - FY2019 change in unadjusted operating income % margin for Walmart? Answer in units of percents and round to one decimal place.",0.2%,"The unadjusted operating income percentage margin for Walmart in FY2018 was 4.1% ($20,437 million operating income / $500,343 million total revenues) and in FY2019 was 4.3% ($21,957 million operating income / $514,405 million total revenues). The change in unadjusted operating income percentage margin from FY2018 to FY2019 is 0.2 percentage points.",0.069,0.0,15.75
C5_query_expansion,133,Walmart,WALMART_2020_10K,metrics-generated,What is the FY2018 - FY2020 3 year average unadjusted EBITDA % margin for Walmart? Define unadjusted EBITDA as unadjusted operating income + depreciation and amortization from the cash flow statement. Answer in units of percents and round to one decimal place. Calculate what was asked by utilizing the line items clearly shown in the P&L statement and the cash flow statement.,6.2%,"To calculate the 3-year average unadjusted EBITDA % margin for Walmart from FY2018 to FY2020, we need to follow these steps:

1. **Calculate Unadjusted EBITDA for each year:**
   - Unadjusted EBITDA = Operating Income + Depreciation and Amortization

2. **Calculate Unadjusted EBITDA % Margin for each year:**
   - Unadjusted EBITDA % Margin = (Unadjusted EBITDA / Total Revenues) * 100

3. **Calculate the 3-year average of the Unadjusted EBITDA % Margin.**

**Step-by-step Calculation:**

**FY2020:**
- Operating Income = $20,568 million
- Depreciation and Amortization = $10,987 million
- Total Revenues = $523,964 million

Unadjusted EBITDA (2020) = $20,568 + $10,987 = $31,555 million
Unadjusted EBITDA % Margin (2020) = ($31,555 / $523,964) * 100 = 6.0%

**FY2019:**
- Operating Income = $21,957 million
- Depreciation and Amortization = $10,678 million
- Total Revenues = $514,405 million

Unadjusted EBITDA (2019) = $21,957 + $10,678 = $32,635 million
Unadjusted EBITDA % Margin (2019) = ($32,635 / $514,405) * 100 = 6.3%

**FY2018:**
- Operating Income = $20,437 million
- Depreciation and Amortization = $10,529 million
- Total Revenues = $500,343 million

Unadjusted EBITDA (2018) = $20,437 + $10,529 = $30,966 million
Unadjusted EBITDA % Margin (2018) = ($30,966 / $500,343) * 100 = 6.2%

**3-Year Average Unadjusted EBITDA % Margin:**
= (6.0% + 6.3% + 6.2%) / 3 = 6.2%

Therefore, the 3-year average unadjusted EBITDA % margin for Walmart from FY2018 to FY2020 is 6.2%.",0.0187,1.0,20.86
